[
  {
    "class":"firrtl.transforms.DedupedResult",
    "original":"~PlicCore|PlicGateway",
    "duplicate":"~PlicCore|PlicCore/gateways_0:PlicGateway",
    "index":0.0
  },
  {
    "class":"firrtl.transforms.DedupedResult",
    "original":"~PlicCore|PlicGateway_1",
    "duplicate":"~PlicCore|PlicCore/gateways_1:PlicGateway",
    "index":0.058823529411764705
  },
  {
    "class":"firrtl.transforms.DedupedResult",
    "original":"~PlicCore|PlicGateway_2",
    "duplicate":"~PlicCore|PlicCore/gateways_2:PlicGateway",
    "index":0.11764705882352941
  },
  {
    "class":"firrtl.transforms.DedupedResult",
    "original":"~PlicCore|PlicGateway_3",
    "duplicate":"~PlicCore|PlicCore/gateways_3:PlicGateway",
    "index":0.17647058823529413
  },
  {
    "class":"firrtl.transforms.DedupedResult",
    "original":"~PlicCore|PlicGateway_4",
    "duplicate":"~PlicCore|PlicCore/gateways_4:PlicGateway",
    "index":0.23529411764705882
  },
  {
    "class":"firrtl.transforms.DedupedResult",
    "original":"~PlicCore|PlicGateway_5",
    "duplicate":"~PlicCore|PlicCore/gateways_5:PlicGateway",
    "index":0.29411764705882354
  },
  {
    "class":"firrtl.transforms.DedupedResult",
    "original":"~PlicCore|PlicGateway_6",
    "duplicate":"~PlicCore|PlicCore/gateways_6:PlicGateway",
    "index":0.35294117647058826
  },
  {
    "class":"firrtl.transforms.DedupedResult",
    "original":"~PlicCore|PlicGateway_7",
    "duplicate":"~PlicCore|PlicCore/gateways_7:PlicGateway",
    "index":0.4117647058823529
  },
  {
    "class":"firrtl.EmitCircuitAnnotation",
    "emitter":"firrtl.VerilogEmitter"
  },
  {
    "class":"firrtl.transforms.BlackBoxTargetDirAnno",
    "targetDir":"generated"
  }
]